{
  "project_info": {
    "project_number": "692468928337",
    "firebase_url": "https://amass-18c2e.firebaseio.com",
    "project_id": "amass-18c2e",
    "storage_bucket": "amass-18c2e.appspot.com"
  },
  "client": [
    {
      "client_info": {
        "mobilesdk_app_id": "1:692468928337:android:d4807fc7d265d319",
        "android_client_info": {
          "package_name": "com.project.amass.amass"
        }
      },
      "oauth_client": [
        {
          "client_id": "692468928337-o5vli8irkal3opglgsv2kncjpshr7c44.apps.googleusercontent.com",
          "client_type": 1,
          "android_info": {
            "package_name": "com.project.amass.amass",
            "certificate_hash": "71d0a54126d20c8e86ed3d2672eb84b8cc0934e9"
          }
        },
        {
          "client_id": "692468928337-bmuribs5u1o4nk0gdjjjkq20h5makrpm.apps.googleusercontent.com",
          "client_type": 3
        }
      ],
      "api_key": [
        {
          "current_key": "AIzaSyCVseqh61Jb6yDHO2cpNa-vKFe2UZmYNJI"
        }
      ],
      "services": {
        "analytics_service": {
          "status": 1
        },
        "appinvite_service": {
          "status": 2,
          "other_platform_oauth_client": [
            {
              "client_id": "692468928337-bmuribs5u1o4nk0gdjjjkq20h5makrpm.apps.googleusercontent.com",
              "client_type": 3
            }
          ]
        },
        "ads_service": {
          "status": 2
        }
      }
    }
  ],
  "configuration_version": "1"
}